<?xml version="1.0" encoding="UTF-8"?>
<GenRun Id="impl_1" LaunchPart="xc7k70tfbv676-1" LaunchTime="1741977890">
  <File Type="PA-TCL" Name="divisor_3.tcl"/>
  <File Type="REPORTS-TCL" Name="divisor_3_reports.tcl"/>
  <File Type="INIT-TIMING" Name="divisor_3_timing_summary_init.rpt"/>
  <File Type="OPT-DCP" Name="divisor_3_opt.dcp"/>
  <File Type="OPT-DRC" Name="divisor_3_drc_opted.rpt"/>
  <File Type="OPT-METHODOLOGY-DRC" Name="divisor_3_methodology_drc_opted.rpt"/>
  <File Type="OPT-HWDEF" Name="divisor_3.hwdef"/>
  <File Type="OPT-TIMING" Name="divisor_3_timing_summary_opted.rpt"/>
  <File Type="OPT-RQA-PB" Name="divisor_3_rqa_opted.pb"/>
  <File Type="PWROPT-DCP" Name="divisor_3_pwropt.dcp"/>
  <File Type="PWROPT-DRC" Name="divisor_3_drc_pwropted.rpt"/>
  <File Type="PWROPT-TIMING" Name="divisor_3_timing_summary_pwropted.rpt"/>
  <File Type="PLACE-DCP" Name="divisor_3_placed.dcp"/>
  <File Type="PLACE-IO" Name="divisor_3_io_placed.rpt"/>
  <File Type="PLACE-CLK" Name="divisor_3_clock_utilization_placed.rpt"/>
  <File Type="PLACE-UTIL" Name="divisor_3_utilization_placed.rpt"/>
  <File Type="PLACE-UTIL-PB" Name="divisor_3_utilization_placed.pb"/>
  <File Type="PLACE-CTRL" Name="divisor_3_control_sets_placed.rpt"/>
  <File Type="PLACE-SIMILARITY" Name="divisor_3_incremental_reuse_placed.rpt"/>
  <File Type="PLACE-PRE-SIMILARITY" Name="divisor_3_incremental_reuse_pre_placed.rpt"/>
  <File Type="PLACE-TIMING" Name="divisor_3_timing_summary_placed.rpt"/>
  <File Type="PLACE-RQA-PB" Name="divisor_3_rqa_placed.pb"/>
  <File Type="POSTPLACE-PWROPT-DCP" Name="divisor_3_postplace_pwropt.dcp"/>
  <File Type="POSTPLACE-PWROPT-TIMING" Name="divisor_3_timing_summary_postplace_pwropted.rpt"/>
  <File Type="PHYSOPT-DCP" Name="divisor_3_physopt.dcp"/>
  <File Type="PHYSOPT-DRC" Name="divisor_3_drc_physopted.rpt"/>
  <File Type="PHYSOPT-TIMING" Name="divisor_3_timing_summary_physopted.rpt"/>
  <File Type="ROUTE-ERROR-DCP" Name="divisor_3_routed_error.dcp"/>
  <File Type="ROUTE-DCP" Name="divisor_3_routed.dcp"/>
  <File Type="ROUTE-BLACKBOX-DCP" Name="divisor_3_routed_bb.dcp"/>
  <File Type="ROUTE-DRC" Name="divisor_3_drc_routed.rpt"/>
  <File Type="ROUTE-DRC-PB" Name="divisor_3_drc_routed.pb"/>
  <File Type="ROUTE-DRC-RPX" Name="divisor_3_drc_routed.rpx"/>
  <File Type="ROUTE-METHODOLOGY-DRC" Name="divisor_3_methodology_drc_routed.rpt"/>
  <File Type="ROUTE-METHODOLOGY-DRC-RPX" Name="divisor_3_methodology_drc_routed.rpx"/>
  <File Type="ROUTE-METHODOLOGY-DRC-PB" Name="divisor_3_methodology_drc_routed.pb"/>
  <File Type="ROUTE-PWR" Name="divisor_3_power_routed.rpt"/>
  <File Type="ROUTE-PWR-SUM" Name="divisor_3_power_summary_routed.pb"/>
  <File Type="ROUTE-PWR-RPX" Name="divisor_3_power_routed.rpx"/>
  <File Type="ROUTE-STATUS" Name="divisor_3_route_status.rpt"/>
  <File Type="ROUTE-STATUS-PB" Name="divisor_3_route_status.pb"/>
  <File Type="ROUTE-TIMINGSUMMARY" Name="divisor_3_timing_summary_routed.rpt"/>
  <File Type="ROUTE-TIMING-PB" Name="divisor_3_timing_summary_routed.pb"/>
  <File Type="ROUTE-TIMING-RPX" Name="divisor_3_timing_summary_routed.rpx"/>
  <File Type="ROUTE-SIMILARITY" Name="divisor_3_incremental_reuse_routed.rpt"/>
  <File Type="ROUTE-CLK" Name="divisor_3_clock_utilization_routed.rpt"/>
  <File Type="ROUTE-BUS-SKEW" Name="divisor_3_bus_skew_routed.rpt"/>
  <File Type="ROUTE-BUS-SKEW-PB" Name="divisor_3_bus_skew_routed.pb"/>
  <File Type="ROUTE-BUS-SKEW-RPX" Name="divisor_3_bus_skew_routed.rpx"/>
  <File Type="ROUTE-RQS-PB" Name="divisor_3_rqs_routed.pb"/>
  <File Type="POSTROUTE-PHYSOPT-DCP" Name="divisor_3_postroute_physopt.dcp"/>
  <File Type="POSTROUTE-PHYSOPT-BLACKBOX-DCP" Name="divisor_3_postroute_physopt_bb.dcp"/>
  <File Type="POSTROUTE-PHYSOPT-TIMING" Name="divisor_3_timing_summary_postroute_physopted.rpt"/>
  <File Type="POSTROUTE-PHYSOPT-TIMING-PB" Name="divisor_3_timing_summary_postroute_physopted.pb"/>
  <File Type="POSTROUTE-PHYSOPT-TIMING-RPX" Name="divisor_3_timing_summary_postroute_physopted.rpx"/>
  <File Type="POSTROUTE-PHYSOPT-BUS-SKEW" Name="divisor_3_bus_skew_postroute_physopted.rpt"/>
  <File Type="POSTROUTE-PHYSOPT-BUS-SKEW-PB" Name="divisor_3_bus_skew_postroute_physopted.pb"/>
  <File Type="POSTROUTE-PHYSOPT-BUS-SKEW-RPX" Name="divisor_3_bus_skew_postroute_physopted.rpx"/>
  <File Type="BG-BIT" Name="divisor_3.bit"/>
  <File Type="BG-BIN" Name="divisor_3.bin"/>
  <File Type="BITSTR-MSK" Name="divisor_3.msk"/>
  <File Type="BITSTR-RBT" Name="divisor_3.rbt"/>
  <File Type="BITSTR-NKY" Name="divisor_3.nky"/>
  <File Type="BITSTR-BMM" Name="divisor_3_bd.bmm"/>
  <File Type="BITSTR-MMI" Name="divisor_3.mmi"/>
  <File Type="PDI-FILE" Name="divisor_3.pdi"/>
  <File Type="BOOT-PDI-FILE" Name="divisor_3_boot.pdi"/>
  <File Type="PL-PDI-FILE" Name="divisor_3_pld.pdi"/>
  <File Type="RCFI_FILE" Name="divisor_3.rcfi"/>
  <File Type="CFI_FILE" Name="divisor_3.cfi"/>
  <File Type="RNPI_FILE" Name="divisor_3.rnpi"/>
  <File Type="NPI_FILE" Name="divisor_3.npi"/>
  <File Type="RBD_FILE" Name="divisor_3.rbd"/>
  <File Type="BITSTR-LTX" Name="debug_nets.ltx"/>
  <File Type="BITSTR-LTX" Name="divisor_3.ltx"/>
  <File Type="BITSTR-SYSDEF" Name="divisor_3.sysdef"/>
  <File Type="BG-BGN" Name="divisor_3.bgn"/>
  <File Type="BG-DRC" Name="divisor_3.drc"/>
  <File Type="RDI-RDI" Name="divisor_3.vdi"/>
  <File Type="WBT-USG" Name="usage_statistics_webtalk.html"/>
  <File Type="ROUTE-RQS" Name="divisor_3_routed.rqs"/>
  <File Type="POSTROUTE-PHYSOPT-RQS" Name="divisor_3_postroute_physopted.rqs"/>
  <File Type="ROUTE-RQS-RPT" Name="route_report_qor_suggestions_0.rpt"/>
  <File Type="POSTROUTE-PHYSOPT-RQS-RPT" Name="postroute_physopt_report_qor_suggestions_0.rpt"/>
  <FileSet Name="sources" Type="DesignSrcs" RelSrcDir="$PSRCDIR/sources_1" RelGenDir="$PGENDIR/sources_1">
    <Filter Type="Srcs"/>
    <File Path="$PSRCDIR/sources_1/new/divisor_3.vhd">
      <FileInfo>
        <Attr Name="UsedIn" Val="synthesis"/>
        <Attr Name="UsedIn" Val="simulation"/>
      </FileInfo>
    </File>
    <Config>
      <Option Name="DesignMode" Val="RTL"/>
      <Option Name="TopModule" Val="divisor_3"/>
      <Option Name="TopAutoSet" Val="TRUE"/>
    </Config>
  </FileSet>
  <FileSet Name="constrs_in" Type="Constrs" RelSrcDir="$PSRCDIR/constrs_1" RelGenDir="$PGENDIR/constrs_1">
    <Filter Type="Constrs"/>
    <Config>
      <Option Name="ConstrsType" Val="XDC"/>
    </Config>
  </FileSet>
  <FileSet Name="utils" Type="Utils" RelSrcDir="$PSRCDIR/utils_1" RelGenDir="$PGENDIR/utils_1">
    <Filter Type="Utils"/>
    <File Path="$PSRCDIR/utils_1/imports/synth_1/divisor_3.dcp">
      <FileInfo>
        <Attr Name="UsedIn" Val="synthesis"/>
        <Attr Name="UsedIn" Val="implementation"/>
        <Attr Name="UsedInSteps" Val="synth_1"/>
        <Attr Name="AutoDcp" Val="1"/>
      </FileInfo>
    </File>
    <Config>
      <Option Name="TopAutoSet" Val="TRUE"/>
    </Config>
  </FileSet>
  <Strategy Version="1" Minor="2">
    <StratHandle Name="Vivado Implementation Defaults" Flow="Vivado Implementation 2024">
      <Desc>Default settings for Implementation.</Desc>
    </StratHandle>
    <Step Id="init_design"/>
    <Step Id="opt_design"/>
    <Step Id="power_opt_design"/>
    <Step Id="place_design"/>
    <Step Id="post_place_power_opt_design"/>
    <Step Id="phys_opt_design"/>
    <Step Id="route_design"/>
    <Step Id="post_route_phys_opt_design"/>
    <Step Id="write_bitstream"/>
  </Strategy>
</GenRun>
